,Before Differencing,After Differencing
ADF Statistic,-4.416136761430769,-8.727061830353268
p-value,0.00027791039276670623,3.2669175472796045e-14
