Demand Segment,Total Sales,Growth Rate,Volatility,Average Order Value
Declining Demand,189238.631,-0.29793120087164554,5603.554746739796,1645.5533130434783
Growing Demand,54341.708188888886,0.5879582349637191,1031.4315649261318,142.74675833382125
"High Volume, Stable Demand",239495.7806666667,0.5646516795508105,3489.056075309372,361.13122844814217
"Low Volume, High Volatility",146248.094,4.797295097726388,5500.774390527093,2215.8802121212125
