Model,MAE,RMSE,MAPE,Forecast Month 1,Forecast Month 2,Forecast Month 3
SARIMA,13455.424210062458,15938.986000626059,22.020377820512284,65967.98056280825,49975.62267259028,67126.47686556465
Prophet,10128.555987491509,14561.386189480112,14.32670976047527,63082.497631174105,43914.81891292624,45446.80731277603
XGBoost,8695.202300694444,11614.416743646902,12.348909537131433,54810.97265625,50175.796875,61132.3828125
